{"current":{"favicon_enable":true,"favicon":"shopify:\/\/shop_images\/favicon.png","preloader_enable":true,"header_font":"nunito_n7","h1_size":54,"h2_size":48,"h3_size":38,"h4_size":30,"h5_size":24,"h6_size":22,"base_font":"work_sans_n4","type_base_size":16,"type_base_size_tablet":15,"heading_line_height":30,"body_line_height":26,"additional_font":"work_sans_n4","type_additional_size":36,"type_additional_size_tablet":24,"type_additional_size_mobile":18,"custom_font_script_1":"@import url('https:\/\/fonts.googleapis.com\/css2?family=Cambay&display=swap');","custom_font_family_1":"'Cambay', sans-serif;","custom_font_script_2":"@import url('https:\/\/fonts.googleapis.com\/css2?family=Amatic+SC&display=swap');","custom_font_family_2":"'Amatic SC', cursive;","container_width":1520,"tab_container_width":960,"fullwidth_gap":15,"gutter_width":30,"overall_border_radius":10,"primary_color":"#ff8ea6","secondary_color":"#363636","tertiary_color":"#ffe8e8","body_bg_color":"#ffffff","body_text_color":"#6a6a6a","overlay_color":"#fffcfd","link_color":"#363636","link_hover_color":"#ff8ea6","heading_color":"#363636","button_bg_color":"#ff8ea6","button_bg_hover_color":"#363636","button_padding":"15px 30px 12px 30px","button_border_radius":50,"blog_bg_color":"rgba(0,0,0,0)","blog_link_color":"#363636","blog_link_hover_color":"#ff8ea6","blog_text_color":"#6a6a6a","blog_icon_color":"#ff8ea6","blog_button_bg_color":"#ff8ea6","blog_button_bg_hover_color":"#363636","blog_link_hover_color_overlay":"#ffe8e8","blog_text_color_overlay":"#ffffff","blog_icon_color_overlay":"#ffffff","blog_button_bg_color_overlay":"#ff8ea6","blog_button_bg_hover_color_overlay":"#363636","blog_border_radius":10,"blog_gutter_width":30,"heading_left_image":"shopify:\/\/shop_images\/heading-star-1.png","heading_right_image":"shopify:\/\/shop_images\/heading-star-2.png","form_bg":"#ffffff","input_bg":"#fff3f3","input_padding":"10px 20px 7px 20px","shadow_color":"#d6d6d6","shadow_color_light":"#d6d6d6","use_breadcrumb":true,"breadcrumb_image":"shopify:\/\/shop_images\/breadcrumb.jpg","color_image_overlay":"#fff3f3","breadcrumb_text_color":"#1a1a1a","breadcrumb_text_hover_color":"#ff8ea6","breadcrumb_style":"center","image_overlay_opacity":0,"breadcrumb_padding_top":200,"breadcrumb_padding_bottom":200,"breadcrumb_margin_bottom":120,"enable_quick_view":true,"show_product_swatches":true,"show_quick_shop_product_link":true,"show_quick_shop_desc":true,"collections_show_sale_circle":true,"collections_show_sold_out_circle":true,"secondary_image_use":true,"offer_price_enable":true,"collections_show_new_circle":true,"display_vendor":false,"truncated_description":false,"excerpt_count":"20","enable_add_cart":true,"item_aignment":"content-center","product_button_style":"button","icon_aignment":"icon-center","enable_compare":false,"enable_wishlist":true,"display_color_variant":false,"display_item_size":false,"product_review":false,"sidebar_width":300,"collection_sidebar_use":"left","product_page_sidebar":"full_width","blog_page_sidebar":"full_width","collection_sidebar_mobile":true,"product_sidebar_mobile":false,"sidebar_title_bg":"#fff3f3","sidebar_title_color":"#363636","sidebar_title_border":"#ff8ea6","cart_notes_enable":true,"ajax_cart_method":"drawer","search_grid":"4","search_results_per_page":"12","enable_timer":true,"timer_heading":"Hurry, Only few item(s) left!","timer":"903710998572@10\/24\/2021_00:00:00","timer_button_bg":"#ff8ea6","social_twitter_link":"#","social_facebook_link":"#","social_pinterest_link":"#","social_google_plus_link":"","social_instagram_link":"#","social_tumblr_link":"","social_youtube_link":"","social_vimeo_link":"","social_rss_link":"","social_linkedin_link":"","social_sharing_blog":true,"social_sharing_count":true,"share_facebook":true,"share_twitter":true,"share_pinterest":true,"share_google":true,"password_bg_color":"#ffe8e8","password_bg_img":"shopify:\/\/shop_images\/modern-jewelry-and-accessories-on-display.jpg","password_logo":"shopify:\/\/shop_images\/about-icon-1.png","logo_txt_color":"#ff8ea6","pwd_header_color":"#ff8ea6","pwd_show_share_buttons":false,"pwd_newsletter_enable":true,"pwd_newsletter_form_heading_clr":"#363636","pwd_newsletter_inpt_bg":"#fff3f3","pwd_newsletter_btn_bg":"#ff8ea6","pwd_newsletter_btn_hoverbg":"#363636","pwd_placeholder_txt":"#363636","social_title_clr":"#363636","social_icon_clr":"#363636","social__icon_hoverclr":"#ff8ea6","checkout_heading_font":"Raleway","checkout_body_font":"Open Sans","animae_enable":true,"custom_font_script":"@import url('https:\/\/fonts.googleapis.com\/css2?family=Cambay&display=swap');\n@import url('https:\/\/fonts.googleapis.com\/css2?family=Amatic+SC&display=swap');","enable_collection_sidebar":true,"enable_boxed":true,"breadcrumb_bg_image":true,"boxed_bg_color":"#ce5252","count_down_enable":true,"count_down_collections":true,"home_productdeal_time":"24 May","enable_color_swatch":true,"show_wislist":true,"show_prt_quickview_desc":false,"show_smart_checkout":true,"social_sharing_style":"normal","sections":{"header":{"type":"header","blocks":{"ea5189a7-9301-47a8-8175-daff7f558cd6":{"type":"promo_image","settings":{"mega_1":"Shop","mega_columns":"four-column","row_reverse":false,"title_1":"","button_1":"","link_1":"","title_2":"Dolls","button_2":"","link_2":"","title_3":"Fabric Toys","button_3":"","link_3":"","title_4":"Fantasy Animals","button_4":"","link_4":""}}},"block_order":["ea5189a7-9301-47a8-8175-daff7f558cd6"],"settings":{"full":false,"spacing_both_ends":false,"use_sticky_header":true,"use_sticky_mobile":true,"show_announcement":true,"hide_announcement_mobile":true,"home_page_only":true,"bg_color":"#daf1eb","text_color":"#363636","text_hover_color":"#ff8ea6","text":"Free deliveries worldwide! For more info click Here","link":"shopify:\/\/collections","announcement_height":30,"disable_topbar":false,"disable_topbar_mobile":false,"header_mail":"","header_phone":"","header_contact":"#ffffff","header_contact_hover":"#ff8ea6","logo":"shopify:\/\/shop_images\/logo.png","logo_max_width":180,"menu_align":"logo_left","show_header_social":false,"search_type":"none","social_icon_color":"#ff8ea6","social_icon_hover_color":"#ffffff","social_icon_bg":"#ffffff","social_icon_hover_bg":"#363636","show_account":true,"show_header_cart":true,"show_header_wishlist":false,"show_header_compare":false,"icon_color":"#363636","icon_hover_color":"#ff8ea6","icon_bg":"rgba(0,0,0,0)","icon_hover_bg":"rgba(0,0,0,0)","pick_menu":"main-menu","show_secondary_menu":false,"secondary_menu":"main-menu","menu_color":"#363636","menu_active_color":"#ff8ea6","menu_active_bg":"#ff8ea6","mega_menu_bg":"#ffffff","font_size":16,"font_size_sub":14,"show_header_currency":false}},"modal-newsletter":{"type":"modal-newsletter","settings":{"enable_newsletter_modal":true,"dt_sc_cookie-expires":4,"dt_sc_cookie-modal-delay":"1000","overlay_background_color":"#363636","overlay_background_transparency":"0.8","block_text_align":"text-start","dt_sc_modal_bg_image":"shopify:\/\/shop_images\/popup_newsletter_img.jpg","enable_overlay":true,"background_color":"#ffffff","overlay_transparency":"0.8","form_style":"style-5","form_gap":"15px","dt_sc_cookie-modal-title":"Join Newsletter","dt_sc_cookie-modal-content":"Get Upto 20% Off on your order.","dt_sc_newsletter_additional_content":"Signup for exclusive updates","enable_social_icon":true,"section_title_color":"#363636","section_sub_title_color":"#363636","form_bg":"#ffe8e8","button_bg_color":"#ff8ea6","button_text_color":"#ffffff","button_hover_bg_color":"#363636","button_hover_text_color":"#ffffff","additional_text_color":"#363636","social_icon_color":"#363636","social_icon_hover_color":"#ff8ea6"}},"product-template":{"type":"product-template","settings":{"hide_breadcrumb":false,"gallery_type":"thumbnails_horizontal","vertical_style":"dt-sc-product-vertical-thumb-right","enable_zoom":true,"enable_video_looping":true,"reviews":true,"show_featured_shop_desc":true,"featured_view_desc_truncate":"30","show_variants_swatches":true,"deals_section":true,"show_size_chart":false,"show_product_vendor":true,"show_product_type":true,"show_product_sku":true,"show_product_quantity":true,"display_back_in_stock":true,"show_quantity_selector":true,"show_checkout":true,"show_wishlist":true,"show_share_buttons":true,"product_tab1":true,"product_tab1_heading":"Product Description","product_tab2":false,"product_tab2_heading":"Shipping details","page_content":"additional-information","product_tab3":true,"product_tab3_heading":"Reviews","enable_enquiry":true}},"product-recommendations":{"type":"product-recommendations","settings":{"show_product_recommendations":false,"heading":"Recommended products","heading_position":"text-center"}},"collection-template":{"type":"collection-template","blocks":{"a1d367b4-4071-49eb-bda9-32ee77d6cc55":{"type":"menu","settings":{"filter_title":"Category","linklist":"category"}},"43eb5a58-8735-41b8-a99a-d37a954cee2a":{"type":"color","settings":{"filter_title":"Color","color_tag":"Black, White, Blue, Yellow, Grey, Purple, Pink, Orange"}},"4044c4d0-1f8c-4cbf-b2a4-28c1ce6c38a0":{"type":"size","settings":{"filter_title":"Dimension","size_tag":"20 cm, 30 cm, 40 cm, 50 cm, 60 cm, 70 cm"}},"08da70d9-8ee2-447d-a9df-85e9fd0d9bd6":{"type":"tag","settings":{"filter_title":"Material","other_tag":"Cotton, Fabric, Linen, Woolen, Leather"}},"872be516-3e30-410a-ae3a-b5a2cc663c72":{"type":"tag","settings":{"filter_title":"Price","other_tag":"$100 - $200, $200 - $300, $300 - $400, $400 - $500, $500 - $700, $700 - $1000"}},"b688647b-8613-4599-9675-5ea7e9850e70":{"type":"tag","settings":{"filter_title":"Weight","other_tag":"2 Grams, 3 Grams, 4 Grams, 5 Grams, 6 Grams, 7 Grams"}},"8abc2a65-3436-40a5-9375-190657f41e2a":{"type":"tag","settings":{"filter_title":"Vendor","other_tag":"Toy World, Kids Joys, Child Games,  Toy Maker"}},"99ee343f-c5f5-434c-930d-028737c9398f":{"type":"image","settings":{"title":"Best Sellers","image":"shopify:\/\/shop_images\/home-portfolio-02.jpg","link_text":"Shop Now","link":"shopify:\/\/collections"}},"8781723e-c7ee-4229-94e1-f119ad133327":{"type":"menu","settings":{"filter_title":"Small menu","linklist":""}}},"block_order":["a1d367b4-4071-49eb-bda9-32ee77d6cc55","43eb5a58-8735-41b8-a99a-d37a954cee2a","4044c4d0-1f8c-4cbf-b2a4-28c1ce6c38a0","08da70d9-8ee2-447d-a9df-85e9fd0d9bd6","872be516-3e30-410a-ae3a-b5a2cc663c72","b688647b-8613-4599-9675-5ea7e9850e70","8abc2a65-3436-40a5-9375-190657f41e2a","99ee343f-c5f5-434c-930d-028737c9398f","8781723e-c7ee-4229-94e1-f119ad133327"],"settings":{"hide_breadcrumb":false,"show_collection_image":true,"collections_sort_enable":true,"collections_view_enable":true,"item_pre_view":true,"grid":"3","rows":"3","text_color":"#6a6a6a","title_color":"#ff8ea6","title_hover_color":"#363636","product_bg":"rgba(0,0,0,0)"}},"footer":{"type":"footer","blocks":{"75e71d79-359a-438e-8072-6009d387b434":{"type":"menu","settings":{"title":"Legal","menu":"footer","container_width":20,"column_alignment":"text-start"}},"b63cea28-e982-40ad-90c3-6898c78b3c52":{"type":"custom","settings":{"title":"Opening hours","text":"<p>Monday - Friday ----- 09.00 - 19.00<\/p><p>Saturday -------------10.00 - 17.00<\/p><p>Sunday ---------- Closed<\/p>","container_width":35,"column_alignment":"text-start"}},"8f613062-d65c-4ae1-8567-92bd0edca021":{"type":"menu","settings":{"title":"Partner","menu":"partners","container_width":20,"column_alignment":"text-start"}},"2672dee1-e680-48ec-8506-e933420ebf90":{"type":"menu","settings":{"title":"Services","menu":"services","container_width":20,"column_alignment":"text-start"}},"38185d80-119b-4004-989f-ac8998d9aa9f":{"type":"newsletter","settings":{"title":"Subscribe to Newsletter","richtext":"","newsletter_btn_color":"#ffffff","newsletter_btn_bg":"#ff8ea6","newsletter_btn_hover_color":"#ffffff","newsletter_btn_hover_bg":"#363636","container_width":25,"column_alignment":"text-center","reverse_column":false}}},"block_order":["75e71d79-359a-438e-8072-6009d387b434","b63cea28-e982-40ad-90c3-6898c78b3c52","8f613062-d65c-4ae1-8567-92bd0edca021","2672dee1-e680-48ec-8506-e933420ebf90","38185d80-119b-4004-989f-ac8998d9aa9f"],"settings":{"full":false,"spacing_both_ends":false,"padding":"125,125","top_space":50,"footer_bg_clr":"#daf1eb","footer_left_image":"shopify:\/\/shop_images\/footer-img-1.png","footer_right_image":"shopify:\/\/shop_images\/footer-img-2.png","footer_bg_img":false,"show_footer_title":true,"footer_heading_clr":"#363636","footer_txt_clr":"#232323","footer_link_clr":"#232323","footer_link_hover_clr":"#ff8ea6","newsletter_padding":"75,125","newsletter_form_width":"60%","footer__newsletter_bg":"#ffffff","color_borders":"#232323","payment_placement":"default","show_copyright":true,"show_social":true,"social_placement":"footer_bottom","social_style":"inline","newsletter_placement":"footer_top","footer_menu_style":"vertical","enable_inline_footer_menu":false,"footer":"footer","copyright_text":"- Design Themes"}},"gdpr-cookies":{"type":"gdpr-cookies","settings":{"show_gdpr":false,"style":"bottom","enable_box_shadow":false,"text":"Lorem ipsum dolor sit amet, consectetur adipiscing elit. Sed sed ex vulputate, sagittis ipsum sed, iaculis magna.","accept":"Accept","decline":"Decline","bg_color":"#363636","text_color":"#ffffff","button_bg_color":"#ff8ea6","button_text_color":"#ffffff","button_text_hover_color":"#000000","button_bg_hover_color":"#ffffff","button_padding":"5px 15px 5px 15px"}},"related-products":{"type":"related-products","settings":{"show_related_products":true,"title":"Related products","heading_position":"text-center","grid":"5","rows":"1","enable_slider":true,"enable_auto_height":true,"autoplay":true,"pagination":false,"carousel_pagination_alignment":"center_pagination","carousel_pagination_bottom_alignment":"inside_element","navigation":true,"nav_arrow_position":"navigation-bottom-center","center_nav_arrow_alignment":"inside_container","navigation_button_icon_color":"#363636","navigation_button_hover_icon_color":"#ff8ea6","navigation_dot_color":"#363636","navigation_dot_active_color":"#ff8ea6","column_gap":"30"}},"recently-viewed-products":{"type":"recently-viewed-products","settings":{"show_product_recently":false,"title":"Recently viewed products","heading_position":"text-center","items_to_show":"4"}},"product-sidebar":{"type":"product-sidebar","blocks":{"f4db48c5-0619-41ef-9382-9fe36e266948":{"type":"menu","settings":{"title":"Custom Menu","linklist":"left-meni"}},"2609ab18-f9bf-4ce5-bfc8-e3fd42c808bf":{"type":"carousel","settings":{"title":"Carousel","collection":"best-collections","limit":4}},"cc1a3ed0-0e93-4c94-978b-7ac433b101da":{"type":"collection","settings":{"title":"Featured Products","collection":"featured-products","limit":2}},"f2ae9f35-08d9-4fbf-ba97-d135c0848332":{"type":"image","settings":{"title":"Heading","image":"shopify:\/\/shop_images\/woman-in-park-afternoon.jpeg","link_text":"Shop Now","link":"shopify:\/\/collections"}}},"block_order":["f4db48c5-0619-41ef-9382-9fe36e266948","2609ab18-f9bf-4ce5-bfc8-e3fd42c808bf","cc1a3ed0-0e93-4c94-978b-7ac433b101da","f2ae9f35-08d9-4fbf-ba97-d135c0848332"],"settings":{}},"blog-template":{"type":"blog-template","settings":{"blog_results_per_page":6,"blog_show_author":false,"blog_show_date":true,"blog_comments":false,"blog_show_tag":true,"blog_show_button":false,"blog_show_description":false,"enable_blog_icons":false,"block_banner_style":"grid-style","grid":"3","text_position":"text-start","column_gap":"30","enable_box_shadow":false,"content_width":"50\/50","lap_content_width":"40\/60","vertical_position":"vertical-top","overlay_style_height":"400","overlay_style":"use_overlay","overlay_color":"#ff8ea6","overlay_opacity":"0.45","rotation_degree":"180","split_blog_layout":false,"split_gap":"30"}},"blog-sidebar":{"type":"blog-sidebar","blocks":{"29637960-dcd5-4fe3-882d-b4c5093cec94":{"type":"articles","settings":{"title":"Recent articles","limit":5}},"2ede1c8f-3213-4153-9af1-353cef94fd70":{"type":"tags","settings":{"title":"Tags","limit":10}},"891a0969-9285-4427-87ea-c0e45c33bff2":{"type":"carousel","settings":{"title":"Heading","collection":"featured-products","limit":5}},"a38d3ba3-d77b-42e7-9c53-c333f970a13c":{"type":"collection","settings":{"title":"Heading","collection":"featured-products","limit":2}},"d9d49971-5f19-450d-9f54-486cb0b3a9d6":{"type":"image","settings":{"title":"Heading","link_text":"Shop Now","link":"shopify:\/\/collections"}}},"block_order":["29637960-dcd5-4fe3-882d-b4c5093cec94","2ede1c8f-3213-4153-9af1-353cef94fd70","891a0969-9285-4427-87ea-c0e45c33bff2","a38d3ba3-d77b-42e7-9c53-c333f970a13c","d9d49971-5f19-450d-9f54-486cb0b3a9d6"],"settings":{}},"customer-purchased":{"type":"customer-purchased","blocks":{"a99cf698-9b20-4fae-b092-53ec06ddc104":{"type":"image","settings":{"product":"baby-doll","from":"Texas, US","time":"10 minutes ago"}},"9d66bd40-a2ec-4683-a573-704c38a7a0e9":{"type":"image","settings":{"product":"baby-rabbit","from":"Newyork, US","time":"45 minutes ago"}},"230b0ecb-020f-4c39-bf47-52b587056412":{"type":"image","settings":{"product":"bear-soft-toy","from":"Chennai, India","time":"19 minutes ago"}},"8dbb4b4f-d9ca-4553-b804-4271607154ff":{"type":"image","settings":{"product":"deer-doll","from":"Sydney, Australia","time":"27 minutes ago"}}},"block_order":["a99cf698-9b20-4fae-b092-53ec06ddc104","9d66bd40-a2ec-4683-a573-704c38a7a0e9","230b0ecb-020f-4c39-bf47-52b587056412","8dbb4b4f-d9ca-4553-b804-4271607154ff"],"settings":{"display_recent_purchase":true,"placement":"right","text":"Someone recently bought"}},"home-featured-product":{"type":"home-featured-product","settings":{"featured_product":"dirndl-skew","gallery_type":"thumbnails_horizontal","enable_zoom":true,"enable_video_looping":true,"show_variants_swatches":true,"show_product_vendor":true,"show_product_type":true,"show_product_sku":true,"show_product_quantity":true,"display_back_in_stock":true,"show_quantity_selector":true,"show_checkout":true}},"about-overlay-section":{"type":"about-overlay-section","blocks":{"54e0546b-ff91-4885-9133-e18c7e495e4b":{"type":"content","settings":{"image":"shopify:\/\/shop_images\/about-02.jpg","title":"Hand Crafted","sub_title":"Woolen Toys","text":"Sed vestibulum nulla elementum auctor tincidunt. Aliquam sit amet cursus mauris. Sed vitae mattis ipsum. Vestibulum enim nulla, sollicitudin ac hendrerit nec, tempor quis nisl"}},"79d64caa-5e2a-4c56-b610-60a2c3df05bb":{"type":"content","settings":{"image":"shopify:\/\/shop_images\/about-01.jpg","title":"Machine Made","sub_title":"Stuffed Toys","text":"Aliquam sit amet cursus mauris. Sed vitae mattis ipsum. Vestibulum enim nulla, sollicitudin ac hendrerit nec, tempor quis nisl. Sed vestibulum nulla elementum auctor tincidunt."}}},"block_order":["54e0546b-ff91-4885-9133-e18c7e495e4b","79d64caa-5e2a-4c56-b610-60a2c3df05bb"],"settings":{"enable":true,"full":false,"spacing_both_ends":false,"padding":"125,125","margin":"0,0","show_background_image":true,"background_style":"parallax","enable_overlay":true,"background_color":"#fff9f3","overlay_transparency":"1","section_heading":"Quality & Safety","section_sub_heading":"Branded","section_description":"","section_button_text":"","section_heading_color":"#ff8ea6","section_sub_heading_color":"","section_description_color":"","section_button_bg_color":"","section_button_text_color":"","section_button_hover_bg_color":"","section_button_hover_text_color":"","heading_position":"text-center","grid":"2","block_bg":"","block_heading_color":"#ffffff","block_sub_heading_color":"#ffffff","block_description_color":"#ffffff"}},"about-masonary-overlay-section":{"type":"about-masonary-overlay-section","blocks":{"4c45b826-67f4-408b-8c57-2dcf3cfbf7ab":{"type":"content","settings":{"image":"shopify:\/\/shop_images\/service-08.jpg","title":"Innovative & Unique","sub_title":"Toys","text":""}},"0fdd0a19-4115-41c6-bcad-6bd9f31bbb59":{"type":"content","settings":{"image":"shopify:\/\/shop_images\/service-06.jpg","title":"High-Quality Toys","sub_title":"Best Match","text":""}},"c8e1caf3-f7f6-480b-a62a-682e122d39cb":{"type":"content","settings":{"image":"shopify:\/\/shop_images\/service-07.jpg","title":"Customer Service","sub_title":"High Level","text":""}}},"block_order":["4c45b826-67f4-408b-8c57-2dcf3cfbf7ab","0fdd0a19-4115-41c6-bcad-6bd9f31bbb59","c8e1caf3-f7f6-480b-a62a-682e122d39cb"],"settings":{"enable":true,"full":false,"spacing_both_ends":false,"padding":"120,90","margin":"0,0","show_background_image":false,"background_style":"default","enable_overlay":true,"background_color":"#fff9f3","overlay_transparency":"1","section_heading":"Soft Toys","section_sub_heading":"for all ages","section_description":"","section_heading_color":"#ff8ea6","section_sub_heading_color":"","section_description_color":"","heading_position":"text-center","primary_image":"shopify:\/\/shop_images\/service-05.jpg","primary_title":"Fabric Toy Making","primary_sub_title":"Training","primary_description":"Integer vel erat nec erat luctus scelerisque eu quis nisi. Nunc sapien elit, posuere sit amet est quis, elementum pellentesque arcu. Nam orci urna, ullamcorper venenatis purus a, cursus pretium felis.","block_bg":"#363636","block_heading_color":"#ffffff","block_sub_heading_color":"#ffffff","block_description_color":"#ffffff"}},"about-partial-overlay-section":{"type":"about-partial-overlay-section","blocks":{"7f01b1a9-fca4-4f07-9e5c-926f1fdd681b":{"type":"content","settings":{"image":"shopify:\/\/shop_images\/service-01.jpg","font_icon":"fa fa-shopping-bag","title":"Online Shopping","text":"Nam orci urna, ullamcorper venenatis purus a,\ncursus pretium felis. Integer vel erat nec erat luctus scelerisque eu quis nisi. Nunc sapien elit, posuere sit amet est quis, elementum pellentesque arcu.","price":"$ 90.99","text_align":"content-left"}},"245b48ec-4b87-46da-a7ce-c2e6fd610207":{"type":"content","settings":{"image":"shopify:\/\/shop_images\/service-02.jpg","font_icon":"fa fa-hourglass-half","title":"Online Support","text":"Integer vel erat nec erat luctus scelerisque eu quis nisi. Nunc sapien elit, posuere sit amet est quis, elementum pellentesque arcu. Nam orci urna, ullamcorper venenatis purus a, cursus pretium felis.","price":"$ 5.99","text_align":"content-left"}},"768b899e-00be-4b4e-bf69-26463888b49d":{"type":"content","settings":{"image":"shopify:\/\/shop_images\/service-04.jpg","font_icon":"fa fa-bullhorn","title":"Discount & Offer","text":"Pnteger vel erat nec erat luctus scelerisque eu quis nisi. Nunc sapien elit, posuere sit amet est quis, elementum pellentesque arcu. Nam orci urna, ullamcorper venenatis purus a, cursus pretium felis.","price":"$10.99","text_align":"content-right"}},"285e0441-9eb3-4df1-897b-907f2659dd26":{"type":"content","settings":{"image":"shopify:\/\/shop_images\/service-03.jpg","font_icon":"fa fa-map-signs","title":"Shipping Worldwide","text":"Gnteger vel erat nec erat luctus scelerisque eu quis nisi. Nunc sapien elit, posuere sit amet est quis, elementum pellentesque arcu. Nam orci urna, ullamcorper venenatis purus a, cursus pretium felis.","price":"$49.99","text_align":"content-right"}}},"block_order":["7f01b1a9-fca4-4f07-9e5c-926f1fdd681b","245b48ec-4b87-46da-a7ce-c2e6fd610207","768b899e-00be-4b4e-bf69-26463888b49d","285e0441-9eb3-4df1-897b-907f2659dd26"],"settings":{"enable":true,"full":false,"spacing_both_ends":false,"padding":"0,90","margin":"0,0","show_background_image":false,"background_style":"default","enable_overlay":false,"background_color":"","overlay_transparency":"0.5","section_heading":"Special Services","section_sub_heading":"Our Services","section_description":"","section_button_text":"","section_heading_color":"#ff8ea6","section_sub_heading_color":"#000000","section_description_color":"rgba(0,0,0,0)","section_button_bg_color":"","section_button_text_color":"rgba(0,0,0,0)","section_button_hover_bg_color":"","section_button_hover_text_color":"","heading_position":"text-center","grid":"2","block_bg":"","block_heading_color":"","block_description_color":"","block_price_bg_color":"","block_price_color":"","block_icon_color":"","block_icon_bg_color":""}},"about-list-with-image-section":{"type":"about-list-with-image-section","blocks":{"822cdc75-1b6e-4b85-a097-902587345712":{"type":"content","settings":{"sub_title":"EXTREME PERFORMANCE"}},"9be19a7a-ab70-469a-bd56-320008ebb4b7":{"type":"content","settings":{"sub_title":"EXTREME PERFORMANCE"}},"7f77333d-7fd1-4e06-a988-f03de5e32ff0":{"type":"content","settings":{"sub_title":"EXTREME PERFORMANCE"}},"12f8a0b2-1366-42a7-98f1-40027b387a8a":{"type":"content","settings":{"sub_title":"EXTREME PERFORMANCE"}},"5916a718-81f8-4adc-9a21-7b2c45a10418":{"type":"content","settings":{"sub_title":"EXTREME PERFORMANCE"}},"f1ba103c-74aa-404a-beb3-6f5532bb41ad":{"type":"content","settings":{"sub_title":"EXTREME PERFORMANCE"}}},"block_order":["822cdc75-1b6e-4b85-a097-902587345712","9be19a7a-ab70-469a-bd56-320008ebb4b7","7f77333d-7fd1-4e06-a988-f03de5e32ff0","12f8a0b2-1366-42a7-98f1-40027b387a8a","5916a718-81f8-4adc-9a21-7b2c45a10418","f1ba103c-74aa-404a-beb3-6f5532bb41ad"],"settings":{"enable":false,"full":false,"spacing_both_ends":false,"padding":"0,0","margin":"0,0","show_background_image":false,"background_style":"default","enable_overlay":false,"background_color":"","overlay_transparency":"0.5","section_heading":"List with image section","section_sub_heading":"Sub Heading","section_description":"Use this text to share the information which you like!.","section_button_text":"","section_heading_color":"","section_sub_heading_color":"","section_description_color":"","section_button_bg_color":"","section_button_text_color":"","section_button_hover_bg_color":"","section_button_hover_text_color":"","heading_position":"text-center","title":"Heading","text":"Sed vestibulum nulla elementum auctor tincidunt. Aliquam sit amet cursus mauris. Sed vitae mattis ipsum. Vestibulum enim nulla, sollicitudin ac hendrerit nec, tempor quis nisl","block_heading_color":"","block_description_color":"","block_list_icon_color":"","block_list_color":""}},"about-image-with-icon-section":{"type":"about-image-with-icon-section","blocks":{"cb838797-c506-4954-9cfd-7e315241bba3":{"type":"content","settings":{"font_icon":"fa fa-lightbulb-o","title":"Heading","text":"Sed vestibulum nulla elementum auctor tincidunt. Aliquam sit amet cursus mauris. Sed vitae mattis ipsum. Vestibulum enim nulla, sollicitudin ac hendrerit nec, tempor quis nisl"}},"a081a68f-5dc2-4ff7-a475-6fe7fcd0c1ea":{"type":"content","settings":{"font_icon":"fa fa-lightbulb-o","title":"Heading","text":"Sed vestibulum nulla elementum auctor tincidunt. Aliquam sit amet cursus mauris. Sed vitae mattis ipsum. Vestibulum enim nulla, sollicitudin ac hendrerit nec, tempor quis nisl"}},"9fe3239e-6860-4651-85d3-87e6c9ab3293":{"type":"content","settings":{"font_icon":"fa fa-lightbulb-o","title":"Heading","text":"Sed vestibulum nulla elementum auctor tincidunt. Aliquam sit amet cursus mauris. Sed vitae mattis ipsum. Vestibulum enim nulla, sollicitudin ac hendrerit nec, tempor quis nisl"}}},"block_order":["cb838797-c506-4954-9cfd-7e315241bba3","a081a68f-5dc2-4ff7-a475-6fe7fcd0c1ea","9fe3239e-6860-4651-85d3-87e6c9ab3293"],"settings":{"enable":false,"full":false,"spacing_both_ends":false,"padding":"0,0","margin":"0,0","show_background_image":false,"background_style":"default","enable_overlay":false,"background_color":"#f5f5f5","overlay_transparency":"0.5","section_heading":"List with image section","section_sub_heading":"Sub Heading","section_description":"Use this text to share the information which you like!.","section_button_text":"","section_heading_color":"","section_sub_heading_color":"","section_description_color":"","section_button_bg_color":"","section_button_text_color":"","section_button_hover_bg_color":"","section_button_hover_text_color":"","heading_position":"text-center","grid":"3","block_heading_color":"","block_description_color":"","block_icon_bg_color":"","block_icon_color":"","block_icon_bg_hover_color":"","block_icon_hover_color":""}},"about-image-with-icon-section-type-2":{"type":"about-image-with-icon-section-type-2","blocks":{"d8135d21-ac0d-4452-8eec-1fe4bf6b0ab8":{"type":"content","settings":{"font_icon":"fa fa-lightbulb-o","title":"Heading","text":"Sed vestibulum nulla elementum auctor tincidunt. Aliquam sit amet cursus mauris. Sed vitae mattis ipsum. Vestibulum enim nulla, sollicitudin ac hendrerit nec, tempor quis nisl"}},"b8eb875d-a6c8-427e-bf19-c17b02fd87ba":{"type":"content","settings":{"font_icon":"fa fa-lightbulb-o","title":"Heading","text":"Sed vestibulum nulla elementum auctor tincidunt. Aliquam sit amet cursus mauris. Sed vitae mattis ipsum. Vestibulum enim nulla, sollicitudin ac hendrerit nec, tempor quis nisl"}},"a6f7f03a-0079-48a0-9706-dd58d86511cf":{"type":"content","settings":{"font_icon":"fa fa-lightbulb-o","title":"Heading","text":"Sed vestibulum nulla elementum auctor tincidunt. Aliquam sit amet cursus mauris. Sed vitae mattis ipsum. Vestibulum enim nulla, sollicitudin ac hendrerit nec, tempor quis nisl"}}},"block_order":["d8135d21-ac0d-4452-8eec-1fe4bf6b0ab8","b8eb875d-a6c8-427e-bf19-c17b02fd87ba","a6f7f03a-0079-48a0-9706-dd58d86511cf"],"settings":{"enable":false,"full":false,"spacing_both_ends":false,"padding":"0,0","margin":"0,0","show_background_image":false,"background_style":"default","enable_overlay":false,"background_color":"","overlay_transparency":"0.5","section_heading":"Image with icon section type 2","section_sub_heading":"Sub Heading","section_description":"Use this text to share the information which you like!.","section_button_text":"","section_heading_color":"","section_sub_heading_color":"","section_description_color":"","section_button_bg_color":"","section_button_text_color":"","section_button_hover_bg_color":"","section_button_hover_text_color":"","heading_position":"text-center","main_title":"Heading","sub_title":"Sub Heading","block_heading_color":"","block_description_color":"","block_icon_bg_color":"","block_icon_color":"","block_icon_bg_hover_color":"","block_icon_hover_color":""}},"about-icon-text-section":{"type":"about-icon-text-section","blocks":{"de18afb3-0be9-4b18-8c12-185b3a4f9a5e":{"type":"content","settings":{"title":"Heading","text":"Sed vestibulum nulla elementum auctor tincidunt aliquam sit amet cursus mauris"}},"3fc87851-6bac-4591-a5f9-90edd2171894":{"type":"content","settings":{"title":"Heading","text":"Sed vestibulum nulla elementum auctor tincidunt aliquam sit amet cursus mauris"}},"ccf446f3-5fb6-46d3-8795-4b2a3a46223e":{"type":"content","settings":{"title":"Heading","text":"Sed vestibulum nulla elementum auctor tincidunt aliquam sit amet cursus mauris"}},"343e4065-f2f9-4046-9118-86bedf299838":{"type":"content","settings":{"title":"Heading","text":"Sed vestibulum nulla elementum auctor tincidunt aliquam sit amet cursus mauris"}}},"block_order":["de18afb3-0be9-4b18-8c12-185b3a4f9a5e","3fc87851-6bac-4591-a5f9-90edd2171894","ccf446f3-5fb6-46d3-8795-4b2a3a46223e","343e4065-f2f9-4046-9118-86bedf299838"],"settings":{"enable":false,"full":false,"spacing_both_ends":false,"padding":"0,0","margin":"0,0","show_background_image":false,"background_style":"default","enable_overlay":false,"background_color":"","overlay_transparency":"0.5","section_heading":"Icon with text","section_sub_heading":"Sub Heading","section_description":"Use this text to share the information which you like!.","section_button_text":"","section_heading_color":"","section_sub_heading_color":"","section_description_color":"","section_button_bg_color":"","section_button_text_color":"","section_button_hover_bg_color":"","section_button_hover_text_color":"","heading_position":"text-center","block_heading_color":"","block_description_color":"","block_image_bg_color":"","block_image_bg_hover_color":""}},"about-team-section":{"type":"about-team-section","blocks":{"51a1f7ae-1343-4b16-b839-e520a8d35ae5":{"type":"content","settings":{"image":"shopify:\/\/shop_images\/service-09.jpg","name":"Johan","designation":"CEO","facebook":"#","twitter":"#","pinterest":"#","youtube":"#"}},"c83a95cc-6fb2-4040-b216-13e0ed92c1d4":{"type":"content","settings":{"image":"shopify:\/\/shop_images\/service-11.jpg","name":"Daicy Noel","designation":"Designer","facebook":"#","twitter":"#","pinterest":"#","youtube":"#"}},"f0aa6dd3-2265-4bdd-a88a-0d48b7b1b371":{"type":"content","settings":{"image":"shopify:\/\/shop_images\/service-12.jpg","name":"Jackson","designation":"Marketing Manager","facebook":"#","twitter":"#","pinterest":"#","youtube":"#"}},"d8034ae7-0413-4174-a38f-0a91db42b1e4":{"type":"content","settings":{"image":"shopify:\/\/shop_images\/service-10.jpg","name":"Elisha","designation":"Customer support","facebook":"#","twitter":"#","pinterest":"#","youtube":"#"}}},"block_order":["51a1f7ae-1343-4b16-b839-e520a8d35ae5","c83a95cc-6fb2-4040-b216-13e0ed92c1d4","f0aa6dd3-2265-4bdd-a88a-0d48b7b1b371","d8034ae7-0413-4174-a38f-0a91db42b1e4"],"settings":{"enable":true,"full":false,"spacing_both_ends":false,"padding":"120,90","margin":"0,0","show_background_image":false,"background_style":"default","enable_overlay":false,"background_color":"#f5f5f5","overlay_transparency":"0.5","section_heading":"Our team","section_sub_heading":"Creative Team","section_description":"","section_button_text":"","section_heading_color":"#ff8ea6","section_sub_heading_color":"#363636","section_description_color":"#6a6a6a","section_button_bg_color":"#ff8ea6","section_button_text_color":"#ffffff","section_button_hover_bg_color":"#363636","section_button_hover_text_color":"#ffffff","heading_position":"text-center","block_heading_color":"#ff8ea6","block_designation_color":"#6a6a6a","block_bg":"#ffe8e8","block_social_icon_bg_color":"#ff8ea6","block_social_icon_color":"#1a1a1a","block_social_icon_hover_bg_color":"#363636","block_social_icon_hover_color":"#ffffff"}},"about-info-box-section":{"type":"about-info-box-section","settings":{"enable":true,"full":false,"spacing_both_ends":false,"padding":"0,0","margin":"0,0","show_background_image":false,"background_style":"default","enable_overlay":false,"background_color":"#f5f5f5","overlay_transparency":"0.5","section_heading":"Custom Info Box","section_sub_heading":"Sub Heading","section_description":"Use this text to share the information which you like!.","section_button_text":"","section_heading_color":"#1a1a1a","section_sub_heading_color":"#1a1a1a","section_description_color":"#1a1a1a","section_button_bg_color":"#206469","section_button_text_color":"#ffffff","section_button_hover_bg_color":"#70bdc2","section_button_hover_text_color":"#ffffff","heading_position":"text-center","heading":"Join Us :","sub_heading":"let's get our hands dirty","text":"Etiam sit amet orci eget eros faucibus tincidunt. Duis leo. Sed fringilla mauris sit amet nibh. Donec sodales sagittis magna.","button_text":"Link text","button_link":"shopify:\/\/collections\/all","block_bg":"#d8f3f5","block_border":"#206469","block_heading_color":"#206469","block_sub_heading_color":"#1a1a1a","block_description_color":"#1a1a1a","block_button_bg_color":"#206469","block_button_text_color":"#ffffff","block_button_hover_bg_color":"#70bdc2","block_button_hover_text_color":"#ffffff"}},"about-icon-box-section":{"type":"about-icon-box-section","blocks":{"f4ab9c47-c905-4e9c-9497-97de1145c67c":{"type":"content","settings":{"font_icon":"fa fa-lightbulb-o","title":"Heading","text":"Sed vestibulum nulla elementum auctor tincidunt. Aliquam sit amet cursus mauris. Sed vitae mattis ipsum. Vestibulum enim nulla, sollicitudin ac hendrerit nec, tempor quis nisl","reverse_column":true}},"815ef9be-3468-4b38-8427-01e311bc4c28":{"type":"content","settings":{"font_icon":"fa fa-lightbulb-o","title":"Heading","text":"Sed vestibulum nulla elementum auctor tincidunt. Aliquam sit amet cursus mauris. Sed vitae mattis ipsum. Vestibulum enim nulla, sollicitudin ac hendrerit nec, tempor quis nisl","reverse_column":false}}},"block_order":["f4ab9c47-c905-4e9c-9497-97de1145c67c","815ef9be-3468-4b38-8427-01e311bc4c28"],"settings":{"enable":true,"full":false,"spacing_both_ends":false,"padding":"0,0","margin":"0,0","show_background_image":false,"background_style":"default","enable_overlay":false,"background_color":"#f5f5f5","overlay_transparency":"0.5","section_heading":"Icon box section","section_sub_heading":"Sub Heading","section_description":"Use this text to share the information which you like!.","section_button_text":"","section_heading_color":"#1a1a1a","section_sub_heading_color":"#1a1a1a","section_description_color":"#1a1a1a","section_button_bg_color":"#206469","section_button_text_color":"#ffffff","section_button_hover_bg_color":"#70bdc2","section_button_hover_text_color":"#ffffff","heading_position":"text-center","block_heading_color":"#1a1a1a","block_description_color":"#1a1a1a","block_icon_bg_color":"#d8f3f5","block_icon_color":"#1a1a1a","block_icon_bg_hover_color":"#206469","block_icon_hover_color":"#ffffff"}},"about-number-counter-section":{"type":"about-number-counter-section","blocks":{"abbc0005-82ce-4cbe-9c05-7917439ebfeb":{"type":"class","settings":{"class":"fa fa-plus","title":"Title","text":"Lorem ipsum dolor sit amet","value":"50","value_text":"K"}},"3e4bbc5a-2586-4a0b-9c13-8d2b8d5f98e5":{"type":"class","settings":{"class":"fa fa-plus","title":"Title","text":"Lorem ipsum dolor sit amet","value":"50","value_text":"K"}},"7cf1bee1-4b55-4f74-a36b-73b8880a5f1b":{"type":"class","settings":{"class":"fa fa-plus","title":"Title","text":"Lorem ipsum dolor sit amet","value":"50","value_text":"K"}},"1afc457e-8ee9-4579-98e6-dd501575504b":{"type":"class","settings":{"class":"fa fa-plus","title":"Title","text":"Lorem ipsum dolor sit amet","value":"50","value_text":"K"}}},"block_order":["abbc0005-82ce-4cbe-9c05-7917439ebfeb","3e4bbc5a-2586-4a0b-9c13-8d2b8d5f98e5","7cf1bee1-4b55-4f74-a36b-73b8880a5f1b","1afc457e-8ee9-4579-98e6-dd501575504b"],"settings":{"enable":true,"full":false,"spacing_both_ends":false,"padding":"0,0","margin":"0,0","show_background_image":false,"background_style":"default","enable_overlay":false,"background_color":"#f5f5f5","overlay_transparency":"0.5","section_heading":"Number counter section","section_sub_heading":"Sub Heading","section_description":"Use this text to share the information which you like!.","section_button_text":"","section_heading_color":"#1a1a1a","section_sub_heading_color":"#1a1a1a","section_description_color":"#1a1a1a","section_button_bg_color":"#206469","section_button_text_color":"#ffffff","section_button_hover_bg_color":"#70bdc2","section_button_hover_text_color":"#ffffff","heading_position":"text-center","grid":"4","column_gap":"30","counter_style":"grid","vertical_position":"vertical-bottom","block_text_align":"text-center","reverse_column":false,"enable_boxed":false,"enable_overall_border":false,"border_radius":"0","icon_border_radius":"0px","block_icon_outer_size":"75","block_icon_size":"50","enable_box_shadow":false,"block_bg_color":"#ffffff","block_icon_border_color":"#206469","block_icon_bg_color":"#206469","block_icon_color":"#ffffff","block_title_color":"#1a1a1a","block_text_color":"#1a1a1a","block_value_color":"#1a1a1a","block_value_text_color":"#1a1a1a","block_border_color":"#206469"}},"about-brand-logos":{"type":"about-brand-logos","blocks":{"2b4ecf2d-4e8b-4f2c-9dc5-18673f091181":{"type":"Image","settings":{"image":"shopify:\/\/shop_images\/brand-1.png","title":"Brand Name"}},"a61f06d6-a185-4279-b778-afde18c3c33a":{"type":"Image","settings":{"image":"shopify:\/\/shop_images\/brand-2.png","title":"Brand Name"}},"f8cd78e5-32ce-4f1a-9999-e9211946a425":{"type":"Image","settings":{"image":"shopify:\/\/shop_images\/brand-3.png","title":"Brand Name"}},"33498cea-cf63-4244-b014-2f05779f3827":{"type":"Image","settings":{"image":"shopify:\/\/shop_images\/brand-4.png","title":"Brand Name"}},"07bc8323-77a5-4aad-862c-c3b685001298":{"type":"Image","settings":{"image":"shopify:\/\/shop_images\/brand-5.png","title":"Brand Name"}},"1d4ec8b5-03c6-4c67-ba9b-8fdbffa616a1":{"type":"Image","settings":{"image":"shopify:\/\/shop_images\/brand-6.png","title":"Brand Name"}}},"block_order":["2b4ecf2d-4e8b-4f2c-9dc5-18673f091181","a61f06d6-a185-4279-b778-afde18c3c33a","f8cd78e5-32ce-4f1a-9999-e9211946a425","33498cea-cf63-4244-b014-2f05779f3827","07bc8323-77a5-4aad-862c-c3b685001298","1d4ec8b5-03c6-4c67-ba9b-8fdbffa616a1"],"settings":{"full":false,"spacing_both_ends":false,"padding":"70,70","margin":"0,0","show_background_image":false,"background_style":"default","enable_overlay":true,"background_color":"#fff9f3","overlay_transparency":"1","section_heading":"","section_sub_heading":"","section_description":"","section_button_text":"","section_heading_color":"rgba(0,0,0,0)","section_sub_heading_color":"rgba(0,0,0,0)","section_description_color":"rgba(0,0,0,0)","section_button_bg_color":"rgba(0,0,0,0)","section_button_text_color":"rgba(0,0,0,0)","section_button_hover_bg_color":"rgba(0,0,0,0)","section_button_hover_text_color":"rgba(0,0,0,0)","heading_position":"text-center","grid":"6","block_style":"style-1","enable_box_shadow":false,"column_gap":"30","border_radius":"30","block_border_color":"#ff8ea6","block_background_color":"#ffffff","enable_slider":false,"enable_auto_height":true,"items_per_view":2,"slider_autoplay":0,"carousel_pagination_alignment":"center_pagination","dots":false,"arrows":false,"nav_arrow_position":"navigation-bottom-center","center_nav_arrow_alignment":"outside_container","navigation_button_color":"rgba(0,0,0,0)","navigation_button_icon_color":"rgba(0,0,0,0)","navigation_button_hover_color":"rgba(0,0,0,0)","navigation_button_hover_icon_color":"rgba(0,0,0,0)","navigation_dot_color":"rgba(0,0,0,0)","navigation_dot_active_color":"rgba(0,0,0,0)","custom_class_name":""}},"about-testimonials-section":{"type":"about-testimonials-section","blocks":{"6bac185d-ac55-4ded-a4cd-f04550d7b023":{"type":"content","settings":{"quote":"<p>Corem ipsum dolor sit amet, consectetur adipiscing elit, sed do<\/p>","icon":"shopify:\/\/shop_images\/home-test-01.jpg","author":"Mary J. McCord","job":"Supervisor","star":"4.5"}},"ea461741-0f8d-4ff8-a4b0-620125e2e079":{"type":"content","settings":{"quote":"<p>Adipiscing elit, sed do. Lorem ipsum dolor sit amet, consectetur <\/p>","icon":"shopify:\/\/shop_images\/home-test-02.jpg","author":"Leroy E. Tyler","job":"Manager","star":"3"}},"4c1ad692-8b03-4fda-819d-a304df1720b5":{"type":"content","settings":{"quote":"<p>Dorem ipsum dolor sit amet, consectetur adipiscing elit, sed do<\/p>","icon":"shopify:\/\/shop_images\/home-test-03.jpg","author":"Lisa C. Barry","job":"Accounts","star":"3.5"}},"a9bdc2c2-da23-4c10-ab17-84575d580b13":{"type":"content","settings":{"quote":"<p>Torem ipsum dolor sit amet, consectetur adipiscing elit, sed do<\/p>","icon":"shopify:\/\/shop_images\/home-test-04.jpg","author":"David Joel","job":"Actor","star":"4"}}},"block_order":["6bac185d-ac55-4ded-a4cd-f04550d7b023","ea461741-0f8d-4ff8-a4b0-620125e2e079","4c1ad692-8b03-4fda-819d-a304df1720b5","a9bdc2c2-da23-4c10-ab17-84575d580b13"],"settings":{"full":false,"spacing_both_ends":false,"padding":"125,125","margin":"0,0","show_background_image":false,"background_style":"default","enable_overlay":true,"background_color":"#ffe8e8","overlay_transparency":"1","section_heading":"Our Client Experience","section_sub_heading":"Testimonials","section_description":"","section_button_text":"","section_heading_color":"#ff8ea6","section_sub_heading_color":"","section_description_color":"","section_button_bg_color":"","section_button_text_color":"","section_button_hover_bg_color":"","section_button_hover_text_color":"","heading_position":"text-center","grid":"3","block_style":"style_3","boxed_styles":"overall_boxed","enable_box_shadow":false,"reverse_column":false,"text_position":"text-center","quote_style":"no-quote-icon","author_info_style":"style_1","border_radius":"50%","boxed_border_radius":"0","column_gap":"60","content_width":"30\/70","lap_content_width":"20\/80","vertical_position":"vertical-top","testimonial_border_color":"","testimonial_background_color":"","testimonial_content_color":"","testimonial_review_color":"","testimonial_author_text_color":"","testimonial_author_designation_color":"","testimonial_author_separator_color":"","testimonial_quote_icon_color":"","enable_slider":true,"items_per_view":3,"slider_autoplay":4,"carousel_pagination_alignment":"center_pagination","carousel_pagination_bottom_alignment":"outside_element","dots":false,"arrows":true,"nav_arrow_position":"navigation-bottom-center","center_nav_arrow_alignment":"outside_container","navigation_button_color":"","navigation_button_icon_color":"","navigation_button_hover_color":"","navigation_button_hover_icon_color":"","navigation_dot_color":"","navigation_dot_active_color":"","custom_class_name":""}},"contact":{"type":"contact","settings":{"full":false,"spacing_both_ends":false,"padding":"0,0","margin":"0,0","section_heading":"Get in touch","section_sub_heading":"Contact us","section_description":"","section_button_text":"","section_heading_color":"#363636","section_sub_heading_color":"#363636","section_description_color":"#6a6a6a","section_button_bg_color":"#ff8ea6","section_button_text_color":"#ffffff","section_button_hover_bg_color":"#363636","section_button_hover_text_color":"#ffffff","heading_position":"text-center","contact_layout":"left_map_iconblock_inline","enable_gmap":true,"contact_iframe_code":"<iframe width=\"1920\" height=\"578\" style=\"border:0;overflow:hidden;\" src=\"https:\/\/maps.google.co.in\/?ie=UTF8&t=m&ll=-37.823006,144.977388&spn=0.02034,0.042915&z=14&output=embed\"><\/iframe>","enable_contact_info":true,"contactborder_color":"#363636","contact_hvrborder_color":"#ff8ea6","icontactheading_color":"#363636","contacticon_bg_color":"#363636","contacticon_color":"#ffffff","contacticon_hoverbg_color":"#ff8ea6","contacticonhover_color":"#ffffff","contact_phone":true,"contact_module_contact_phonetitle":"Phone","contact_icon_1":"fa fa-phone","contact_phone1":"<b>Toll-Free: <\/b> 0000 - 123 - 456789","contact_phone2":"<b>Fax: <\/b> 0000 - 123 - 456789","contact_module_email":true,"contact_module_contact_title":"Email","contact_icon_2":"fa fa-envelope","contact_module_email1":"mail@example.com","contact_module_email2":"support@example.com","contact_module_address":true,"contact_module_address_title":"Address","contact_icon_3":"fa fa-location-arrow","contact_module_address1":"No: 58 A, East Madison Street,","contact_module_address2":"Baltimore, MD, USA\n4508","enable_contact_form":true,"contact_form_title":"Contact Form"}},"about-content-with-image-section":{"type":"about-content-with-image-section","blocks":{"21b9ee3c-9bf3-4edf-b35b-7d40ead6cd1b":{"type":"content","settings":{"image":"shopify:\/\/shop_images\/about-04.jpg","font_icon":"","title":"Safe for Infants","sub_title":"Premium Quality","text":"Integer vel erat nec erat luctus scelerisque eu quis nisi. Nunc sapien elit, posuere sit amet est quis, elementum pellentesque arcu. Nam orci urna, ullamcorper venenatis purus a, cursus pretium felis.","button_text":"Know More","button_link":"shopify:\/\/blogs\/news","block_button_bg_color":"","button_text_color":"","button_hover_bg_color":"","button_hover_text_color":"","reverse_column":false}},"3888c7e9-37c2-453c-85e5-2ccc55cc81ef":{"type":"content","settings":{"image":"shopify:\/\/shop_images\/about-03.jpg","font_icon":"","title":"Quality Toys","sub_title":"Good Toys","text":"Nam orci urna, ullamcorper venenatis purus a, cursus pretium felis. Integer vel erat nec erat luctus scelerisque eu quis nisi. Nunc sapien elit, posuere sit amet est quis, elementum pellentesque arcu.","button_text":"Know More","button_link":"shopify:\/\/blogs\/news","block_button_bg_color":"","button_text_color":"","button_hover_bg_color":"","button_hover_text_color":"","reverse_column":true}}},"block_order":["21b9ee3c-9bf3-4edf-b35b-7d40ead6cd1b","3888c7e9-37c2-453c-85e5-2ccc55cc81ef"],"settings":{"enable":true,"full":false,"spacing_both_ends":false,"padding":"125,125","margin":"0,0","show_background_image":false,"background_style":"default","enable_overlay":false,"background_color":"","overlay_transparency":"0.5","section_heading":"","section_sub_heading":"","section_description":"","section_button_text":"","section_heading_color":"","section_sub_heading_color":"","section_description_color":"","section_button_bg_color":"","section_button_text_color":"","section_button_hover_bg_color":"","section_button_hover_text_color":"","heading_position":"text-center","block_bg_image":"shopify:\/\/shop_images\/pattern-leaf.png","block_bg":"#f2e3d5","block_heading_color":"","block_description_color":"","block_icon_color":""}},"password-header":{"type":"password-header","settings":{}},"password-content":{"type":"password-content","settings":{}},"password-footer":{"type":"password-footer","settings":{}},"faq-template":{"type":"faq-template","blocks":{"7b284a94-62f6-4939-b8fd-73ec2f7c3791":{"type":"icon","settings":{"title":"How will my order be delivered to me?","desc":"Ut labore et dolore magna aliqua consectetur adipiscing elit, sed do eiusmod tempor incididunt ut labore et dolore magna aliqua. Ut enim ad minim veniam, quis nostrud exercitation ullamco laboris nisi ut aliquip ex ea commodo consequat. Duis aute irure dolor in reprehenderit in voluptate velit esse cillum dolore eu fugiat nulla pariatur. Excepteur sint occaecat cupidatat non proident, sunt in culpa qui official."}},"5137c74c-2314-4f35-be1e-7388979d781d":{"type":"icon","settings":{"title":"what do I need to know?","desc":"Ut labore et dolore magna aliqua consectetur adipiscing elit, sed do eiusmod tempor incididunt ut labore et dolore magna aliqua. Ut enim ad minim veniam, quis nostrud exercitation ullamco laboris nisi ut aliquip ex ea commodo consequat. Duis aute irure dolor in reprehenderit in voluptate velit esse cillum dolore eu fugiat nulla pariatur. Excepteur sint occaecat cupidatat non proident, sunt in culpa qui official."}},"3fa63d1c-5cf6-4cc0-a156-ed902cb78bf1":{"type":"icon","settings":{"title":"How will I know if order is placed successfully?","desc":"Ut labore et dolore magna aliqua consectetur adipiscing elit, sed do eiusmod tempor incididunt ut labore et dolore magna aliqua. Ut enim ad minim veniam, quis nostrud exercitation ullamco laboris nisi ut aliquip ex ea commodo consequat. Duis aute irure dolor in reprehenderit in voluptate velit esse cillum dolore eu fugiat nulla pariatur. Excepteur sint occaecat cupidatat non proident, sunt in culpa qui official."}},"8ff9126c-1f23-44bf-9bdd-57622c06d691":{"type":"icon","settings":{"title":"How do I check the status of my order?","desc":"Ut labore et dolore magna aliqua consectetur adipiscing elit, sed do eiusmod tempor incididunt ut labore et dolore magna aliqua. Ut enim ad minim veniam, quis nostrud exercitation ullamco laboris nisi ut aliquip ex ea commodo consequat. Duis aute irure dolor in reprehenderit in voluptate velit esse cillum dolore eu fugiat nulla pariatur. Excepteur sint occaecat cupidatat non proident, sunt in culpa qui official."}},"33eccdd4-2d29-4568-a00a-f8aeda67ab6c":{"type":"icon","settings":{"title":"Can I cancel my order?","desc":"Ut labore et dolore magna aliqua consectetur adipiscing elit, sed do eiusmod tempor incididunt ut labore et dolore magna aliqua. Ut enim ad minim veniam, quis nostrud exercitation ullamco laboris nisi ut aliquip ex ea commodo consequat. Duis aute irure dolor in reprehenderit in voluptate velit esse cillum dolore eu fugiat nulla pariatur. Excepteur sint occaecat cupidatat non proident, sunt in culpa qui official."}},"42d29bfc-6c4a-4f8d-a391-d91ee70843ad":{"type":"icon","settings":{"title":"Do you allow exchanges?","desc":"Ut labore et dolore magna aliqua consectetur adipiscing elit, sed do eiusmod tempor incididunt ut labore et dolore magna aliqua. Ut enim ad minim veniam, quis nostrud exercitation ullamco laboris nisi ut aliquip ex ea commodo consequat. Duis aute irure dolor in reprehenderit in voluptate velit esse cillum dolore eu fugiat nulla pariatur. Excepteur sint occaecat cupidatat non proident, sunt in culpa qui official."}},"18729eb6-98cb-4531-b1ce-6da775e2df51":{"type":"icon","settings":{"title":"What are the shipping charges?","desc":"Ut labore et dolore magna aliqua consectetur adipiscing elit, sed do eiusmod tempor incididunt ut labore et dolore magna aliqua. Ut enim ad minim veniam, quis nostrud exercitation ullamco laboris nisi ut aliquip ex ea commodo consequat. Duis aute irure dolor in reprehenderit in voluptate velit esse cillum dolore eu fugiat nulla pariatur. Excepteur sint occaecat cupidatat non proident, sunt in culpa qui official."}}},"block_order":["7b284a94-62f6-4939-b8fd-73ec2f7c3791","5137c74c-2314-4f35-be1e-7388979d781d","3fa63d1c-5cf6-4cc0-a156-ed902cb78bf1","8ff9126c-1f23-44bf-9bdd-57622c06d691","33eccdd4-2d29-4568-a00a-f8aeda67ab6c","42d29bfc-6c4a-4f8d-a391-d91ee70843ad","18729eb6-98cb-4531-b1ce-6da775e2df51"],"settings":{"full":false,"spacing_both_ends":false,"section_heading":"Frequently Asked Questions","section_sub_heading":"A lot more questions","section_description":"","section_button_text":"","section_heading_color":"#ff8ea6","section_sub_heading_color":"#363636","section_description_color":"#6a6a6a","section_button_bg_color":"#ff8ea6","section_button_text_color":"#ffffff","section_button_hover_bg_color":"#6a6a6a","section_button_hover_text_color":"#ffffff","heading_position":"text-center","block_style":"style-3","text_position":"text-start","border_radius":"0","enable_box_shadow":false,"enable_heading_icons":false,"faq_icon_size":"30","enable_segmented_layout":true,"segmented_layout_gap":"15","faq_heading_color":"#ffffff","faq_heading_bg_color":"#ff8ea6","faq_content_color":"#1a1a1a","faq_content_bg_color":"#ffe8e8","custom_class_name":""}},"list-collection-template":{"type":"list-collection-template","settings":{"use_custom_list_collection":false,"list-collections":"","collection_btn_text":"Shop Now","show_item_count":true,"show_excerpt":true,"grid":"3"}},"1619500562730c53fc":{"type":"slideshow","blocks":{"3cdd13f9-2239-494b-a7ca-32fc3280cfac":{"type":"Slider","settings":{"image":"shopify:\/\/shop_images\/home-01_48757f55-15b2-4f11-9608-74c7fa4956cc.jpg","mobile_bg_clr":"","title_2":"","subheading_color":"","subheading_size":"32","title":"Best Babies Soft Toys","heading_color":"#363636","heading_size":"90","desc":"Lorem ipsum dolor sit amet, consectetur adipiscing elit, sed do eiusmod tempor incididunt ut labore.","desc_color":"#363636","desc_size":"20","button":"Shop Now","link":"","btn_bg_color":"","btn_txt_color":"","btn_hoverbg_color":"","btn_hovertxt_color":"","button_2":"","link_2":"","btn_bg_color_2":"","btn_txt_color_2":"","btn_hoverbg_color_2":"","btn_hovertxt_color_2":"","slide_content_bg":"","text_alignment":"text-start","content_position":"center-left"}},"b179ef3d-c2e0-4aad-b856-d21e540ce9fd":{"type":"Slider","settings":{"image":"shopify:\/\/shop_images\/slider-bg2.jpg","mobile_bg_clr":"","title_2":"","subheading_color":"","subheading_size":"32","title":"Great fluffy  toys","heading_color":"#771929","heading_size":"90","desc":"Get the best baby safe fluffy toys for your baby with exciting  colors and designs.","desc_color":"#363636","desc_size":"20","button":"Shop Now","link":"","btn_bg_color":"","btn_txt_color":"","btn_hoverbg_color":"","btn_hovertxt_color":"","button_2":"","link_2":"","btn_bg_color_2":"","btn_txt_color_2":"","btn_hoverbg_color_2":"","btn_hovertxt_color_2":"","slide_content_bg":"","text_alignment":"text-start","content_position":"center-left"}},"83670a6c-ffab-446e-883e-2c5bd2177d71":{"type":"Slider","settings":{"image":"shopify:\/\/shop_images\/slider-bg3.jpg","mobile_bg_clr":"","title_2":"","subheading_color":"","subheading_size":"32","title":"Baby in  Wonderland","heading_color":"","heading_size":"90","desc":"Get the best baby safe fluffy toys for your baby with exciting  colors and designs.","desc_color":"","desc_size":"20","button":"Shop Now","link":"","btn_bg_color":"","btn_txt_color":"","btn_hoverbg_color":"","btn_hovertxt_color":"","button_2":"","link_2":"","btn_bg_color_2":"","btn_txt_color_2":"","btn_hoverbg_color_2":"","btn_hovertxt_color_2":"","slide_content_bg":"","text_alignment":"text-start","content_position":"center-right"}}},"block_order":["3cdd13f9-2239-494b-a7ca-32fc3280cfac","b179ef3d-c2e0-4aad-b856-d21e540ce9fd","83670a6c-ffab-446e-883e-2c5bd2177d71"],"settings":{"full":true,"spacing_both_ends":false,"margin":"0,0","slider_height":800,"slider_height_lap":650,"slider_height_tab":600,"slider_height_mobile":500,"enable_box_shadow":false,"border_radius":"0","content_border_radius":"0","autoplay":false,"slideshow_speed":"5000","dots":false,"carousel_pagination_alignment":"center_pagination","carousel_pagination_bottom_alignment":"inside_element","arrows":true,"nav_arrow_position":"navigation-bottom-center","center_nav_arrow_alignment":"inside_container","navigation_button_color":"","navigation_button_icon_color":"","navigation_button_hover_color":"","navigation_button_hover_icon_color":"","navigation_dot_color":"","navigation_dot_active_color":"","custom_class_name":""}},"16195181239c93d744":{"type":"home-product-carousel","settings":{"full":false,"spacing_both_ends":false,"padding":"125,125","margin":"0,0","show_background_image":false,"background_style":"default","enable_overlay":false,"background_color":"","overlay_transparency":"0.5","section_heading":"Our products","section_sub_heading":"Shop To","section_description":"","section_button_text":"","section_button_link":"","section_heading_color":"#ff8ea6","section_sub_heading_color":"#363636","section_description_color":"","section_button_bg_color":"","section_button_text_color":"","section_button_hover_bg_color":"","section_button_hover_text_color":"","heading_position":"text-center","grouped_content_bg":"","grouped_column_gap":"30","grouped_content_padding":"0","group_border_radius":"0","enable_group_box_shadow":false,"reverse_column":false,"content_width":"30\/70","lap_content_width":"35\/65","additional_block_background_color":"","additional_block_box_shadow":false,"additional_content_padding":"0","additional_block_border_radius":"0","enable_main_content":true,"main_block_background_color":"","enable_main_block_box_shadow":false,"main_block_border_radius":"0","main_content_padding":"0","collection":"home-baby-toys","column_gap":"30","border_radius":"0","enable_list_view":false,"grid":"4","post_limit":8,"enable_slider":false,"items_per_view":4,"rows":3,"slider_autoplay":0,"enable_auto_height":false,"dots":false,"carousel_pagination_alignment":"center_pagination","carousel_pagination_bottom_alignment":"outside_element","arrows":false,"nav_arrow_position":"navigation-top-right","center_nav_arrow_alignment":"inside_container","navigation_button_color":"","navigation_button_icon_color":"","navigation_button_hover_color":"","navigation_button_hover_icon_color":"","navigation_dot_color":"","navigation_dot_active_color":"","custom_class_name":""}},"16195192927dce0e7c":{"type":"featured-blog","settings":{"full":false,"spacing_both_ends":false,"padding":"125,125","margin":"0,0","show_background_image":false,"background_style":"default","enable_overlay":false,"background_color":"","overlay_transparency":"0.5","section_heading":"Our Fun & Exciting Updates","section_sub_heading":"Our Blog","section_description":"","section_button_text":"","section_button_link":"","section_heading_color":"#ff8ea6","section_sub_heading_color":"","section_description_color":"","section_button_bg_color":"","section_button_text_color":"","section_button_hover_bg_color":"","section_button_hover_text_color":"","heading_position":"text-center","blog":"news","blog_show_author":false,"blog_show_date":true,"blog_comments":false,"blog_show_tag":true,"blog_show_button":false,"blog_show_description":false,"enable_blog_icons":false,"block_banner_style":"grid-style","post_limit":3,"grid":"3","text_position":"text-start","enable_box_shadow":false,"vertical_position":"vertical-center","content_width":"50\/50","lap_content_width":"40\/60","overlay_style_height":400,"overlay_style":"use_overlay","overlay_color":"","overlay_opacity":"0.45","rotation_degree":"180","split_blog_layout":false,"split_gap":"30","enable_masonry_grid":false,"main_banner_style":"grid-style","additional_banner_style":"list-style","enable_masonry_reverse":false,"blog_bg_color":"","blog_link_color":"","blog_link_hover_color":"","blog_text_color":"","blog_icon_color":"","blog_button_bg_color":"","blog_button_text_color":"","blog_button_bg_hover_color":"","blog_button_text_hover_color":"","blog_link_color_overlay":"","blog_link_hover_color_overlay":"","blog_text_color_overlay":"","blog_icon_color_overlay":"","blog_button_bg_color_overlay":"","blog_button_text_color_overlay":"","blog_button_bg_hover_color_overlay":"","blog_button_text_hover_color_overlay":"","masonry_content_width":"50\/50","lap_masonry_content_width":"40\/60","enable_slider":false,"enable_auto_height":true,"items_per_view":2,"column_gap":"30","slider_autoplay":0,"dots":true,"carousel_pagination_alignment":"center_pagination","arrows":true,"nav_arrow_position":"center-navigation","center_nav_arrow_alignment":"outside_container","navigation_button_color":"","navigation_button_icon_color":"","navigation_button_hover_color":"","navigation_button_hover_icon_color":"","navigation_dot_color":"","navigation_dot_active_color":"","custom_class_name":""}},"16195197305a3d2616":{"type":"testimonial","blocks":{"16195197305a3d2616-0":{"type":"content","settings":{"quote":"<p>Lorem ipsum dolor sit amet, consectetur adipiscing elit, sed do<\/p>","icon":"shopify:\/\/shop_images\/home-test-01.jpg","author":"Mary J. McCord","job":"Supervisor","star":"4.5"}},"10f31912-f22e-4b45-a21b-4ab855af3f6c":{"type":"content","settings":{"quote":"<p>Lorem ipsum dolor sit amet, consectetur adipiscing elit, sed do<\/p>","icon":"shopify:\/\/shop_images\/home-test-02.jpg","author":"Leroy E. Tyler","job":"Manager","star":"5"}},"be091237-0f8a-4786-b7f9-00fc6e2cc7c4":{"type":"content","settings":{"quote":"<p>Lorem ipsum dolor sit amet, consectetur adipiscing elit, sed do<\/p>","icon":"shopify:\/\/shop_images\/home-test-03.jpg","author":"Lisa C. Barry","job":"Accounts","star":"3.5"}},"38e71e12-feae-4519-9201-26ee2e76d36a":{"type":"content","settings":{"quote":"<p>Lorem ipsum dolor sit amet, consectetur adipiscing elit, sed do<\/p>","icon":"shopify:\/\/shop_images\/home-test-04.jpg","author":"David Joel","job":"Actor","star":"4"}}},"block_order":["16195197305a3d2616-0","10f31912-f22e-4b45-a21b-4ab855af3f6c","be091237-0f8a-4786-b7f9-00fc6e2cc7c4","38e71e12-feae-4519-9201-26ee2e76d36a"],"settings":{"full":false,"spacing_both_ends":false,"padding":"125,125","margin":"0,0","show_background_image":false,"background_style":"default","enable_overlay":true,"background_color":"#ffe8e8","overlay_transparency":"1","section_heading":"Our Client Experience","section_sub_heading":"Testimonials","section_description":"","section_button_text":"","section_button_link":"","section_heading_color":"#ff8ea6","section_sub_heading_color":"","section_description_color":"","section_button_bg_color":"","section_button_text_color":"","section_button_hover_bg_color":"","section_button_hover_text_color":"","heading_position":"text-center","grid":"3","block_style":"style_3","boxed_styles":"overall_boxed","enable_box_shadow":false,"reverse_column":false,"text_position":"text-center","quote_style":"no-quote-icon","author_info_style":"style_1","border_radius":"50%","boxed_border_radius":"0","column_gap":"60","content_width":"30\/70","lap_content_width":"20\/80","vertical_position":"vertical-top","testimonial_border_color":"","testimonial_background_color":"","testimonial_content_color":"","testimonial_review_color":"","testimonial_author_text_color":"","testimonial_author_designation_color":"","testimonial_author_separator_color":"","testimonial_quote_icon_color":"","enable_slider":true,"items_per_view":3,"slider_autoplay":4,"carousel_pagination_alignment":"center_pagination","carousel_pagination_bottom_alignment":"outside_element","dots":false,"arrows":true,"nav_arrow_position":"navigation-bottom-center","center_nav_arrow_alignment":"outside_container","navigation_button_color":"","navigation_button_icon_color":"","navigation_button_hover_color":"","navigation_button_hover_icon_color":"","navigation_dot_color":"","navigation_dot_active_color":"","custom_class_name":"","side_image_1":"shopify:\/\/shop_images\/testimonial-add-img.png"}},"16195244725f8c55a0":{"type":"home-image-gallery","blocks":{"1619524472188fa6ae-0":{"type":"image_image","settings":{"image":"shopify:\/\/shop_images\/gallery-img-1.jpg","link":""}},"1619524472188fa6ae-1":{"type":"image_image","settings":{"image":"shopify:\/\/shop_images\/home-portfolio-02.jpg","link":""}},"1619524472188fa6ae-2":{"type":"image_image","settings":{"image":"shopify:\/\/shop_images\/home-portfolio-01.jpg","link":""}},"7b47628b-71f6-4017-b4f9-87b4027fe871":{"type":"image_image","settings":{"image":"shopify:\/\/shop_images\/service-07.jpg","link":""}},"5e64017a-3b4b-4806-93ef-aa9cde44717c":{"type":"image_image","settings":{"image":"shopify:\/\/shop_images\/service-06.jpg","link":""}}},"block_order":["1619524472188fa6ae-0","1619524472188fa6ae-1","1619524472188fa6ae-2","7b47628b-71f6-4017-b4f9-87b4027fe871","5e64017a-3b4b-4806-93ef-aa9cde44717c"],"settings":{"full":false,"spacing_both_ends":false,"padding":"120,120","margin":"0,0","enable_overlay":true,"background_color":"#fff9f3","overlay_transparency":"1","section_heading":"Our Photo Showcase","image_list_heading":"","section_sub_heading":"Gallery","section_description":"","section_button_text":"","section_button_link":"","section_heading_color":"#ff8ea6","section_sub_heading_color":"","section_description_color":"","section_button_bg_color":"","section_button_text_color":"","section_button_hover_bg_color":"","section_button_hover_text_color":"","heading_position":"text-center","grid":"3","column_gap":"30","image_list_text":"","image_list_link":"","item_height":330,"item_height_laptop":330,"item_height_tab":330,"item_height_mobile":330,"image_link_bg_color":"","image_link_text_color":"","image_link_hover_bg_color":"","image_link_hover_text_color":"","enable_slider":true,"enable_auto_height":true,"items_per_view":3,"slider_autoplay":0,"dots":false,"carousel_pagination_alignment":"center_pagination","arrows":true,"nav_arrow_position":"navigation-top-center","center_nav_arrow_alignment":"outside_container","navigation_button_color":"","navigation_button_icon_color":"","navigation_button_hover_color":"","navigation_button_hover_icon_color":"","navigation_dot_color":"","navigation_dot_active_color":"","custom_class_name":""}},"16196067915ae00184":{"type":"support-block","blocks":{"ea28533d-0eaf-4a83-8f90-b7884e63b6f2":{"type":"icon","settings":{"icon":"shopify:\/\/shop_images\/home-02_40404a37-06da-4654-a1c8-58f9fbcde01f.png","title":"Exclusive Collections","desc":"Lorem ipsum dolor sit amet, consectetur adipiscing elit sed.","link_text":"","link":""}},"a1248427-21c2-446f-9141-19d826d3741f":{"type":"icon","settings":{"icon":"shopify:\/\/shop_images\/home-03.png","title":"Happiness Guaranteed","desc":"Lorem ipsum dolor sit amet, consectetur adipiscing elit.","link_text":"","link":""}},"087e9302-cfb3-4c68-9164-4bda1473673b":{"type":"icon","settings":{"icon":"shopify:\/\/shop_images\/home-04.png","title":"Trending Toys","desc":"Lorem ipsum dolor sit amet, consectetur adipiscing elit, sed.","link_text":"","link":""}}},"block_order":["ea28533d-0eaf-4a83-8f90-b7884e63b6f2","a1248427-21c2-446f-9141-19d826d3741f","087e9302-cfb3-4c68-9164-4bda1473673b"],"settings":{"full":false,"spacing_both_ends":false,"padding":"50,80","margin":"0,0","show_background_image":false,"background_style":"default","enable_overlay":false,"background_color":"","overlay_transparency":"0.5","section_heading":"","section_sub_heading":"","section_description":"","section_button_text":"","section_button_link":"","section_heading_color":"","section_sub_heading_color":"","section_description_color":"","section_button_bg_color":"","section_button_text_color":"","section_button_hover_bg_color":"","section_button_hover_text_color":"","heading_position":"text-center","text_position":"text-center","block_style":"default-style","grid":"3","enable_grid_style":true,"vertical_position":"position-vertical-center","reverse_column":false,"border_radius":"","icon_border_radius":"","enable_box_shadow":false,"block_icon_outer_size":"","block_icon_size":"130px","block_border_color":"","block_bg":"","block_icon_bg":"","block_icon_border_color":"","block_heading_color":"","block_description_color":"","block_button_bg_color":"","block_button_text_color":"","block_button_hover_bg_color":"","block_button_hover_text_color":"","custom_class_name":"","side_image":"shopify:\/\/shop_images\/support-add-img.png"}},"16196069372073876e":{"type":"grid-banner","blocks":{"1619606937adbb64cd-0":{"type":"content","settings":{"block_image":"shopify:\/\/shop_images\/home-07_1052f9bb-a123-418c-994a-ddf4933c4d47.png","show_image":true,"block_title":"New Born <br> Babies Essentials","block_sub_title":"20% Off","block_description":"","block_button_text":"Shop now","block_button_link":"shopify:\/\/collections","block_text_align":"text-start","content_position":"center-left","reverse_column":false,"block_banner_bg":"#f5e1ec","block_content_box_bg":"","block_heading_color":"#bc586c","block_sub_heading_color":"#232323","block_description_color":"","block_button_bg_color":"","block_button_text_color":"","block_button_hover_bg_color":"","block_button_hover_text_color":"","overlay_style":"use_overlay","overlay_color":"","overlay_opacity":"0.5","rotation_degree":"180"}},"1619606937adbb64cd-1":{"type":"content","settings":{"block_image":"shopify:\/\/shop_images\/banner-img-2.png","show_image":true,"block_title":"Best Collections<br> For Your Best","block_sub_title":"Summer Special","block_description":"","block_button_text":"Shop now","block_button_link":"shopify:\/\/collections","block_text_align":"text-start","content_position":"center-left","reverse_column":false,"block_banner_bg":"#f5e1ec","block_content_box_bg":"","block_heading_color":"#bc586c","block_sub_heading_color":"#232323","block_description_color":"","block_button_bg_color":"","block_button_text_color":"","block_button_hover_bg_color":"","block_button_hover_text_color":"","overlay_style":"use_overlay","overlay_color":"","overlay_opacity":"0.5","rotation_degree":"180"}}},"block_order":["1619606937adbb64cd-0","1619606937adbb64cd-1"],"settings":{"full":false,"spacing_both_ends":false,"padding":"0,0","margin":"0,0","show_background_image":false,"background_style":"default","enable_overlay":false,"background_color":"rgba(0,0,0,0)","overlay_transparency":"0.5","section_heading":"","section_sub_heading":"","section_description":"","section_button_text":"","section_button_link":"","section_heading_color":"","section_sub_heading_color":"","section_description_color":"","section_button_bg_color":"","section_button_text_color":"","section_button_hover_bg_color":"","section_button_hover_text_color":"","heading_position":"text-center","block_banner_style":"overlay","column_gap":"40","grid":"2","border_radius":"20","enable_box_shadow":false,"equal_height":false,"content_width":"50\/50","lap_content_width":"40\/60","overlay_style_height":300,"overlay_style_height_laptop":250,"overlay_style_height_mobile":200,"custom_class_name":"dt-sc-custom-home-grid","side_image":"shopify:\/\/shop_images\/grid-add-img.png"}},"1620285478ab6da24d":{"type":"brand-logos","blocks":{"1620285478ab6da24d-0":{"type":"Image","settings":{"image":"shopify:\/\/shop_images\/brand-1.png","title":"Brand Name","link":""}},"1620285478ab6da24d-1":{"type":"Image","settings":{"image":"shopify:\/\/shop_images\/brand-2.png","title":"Brand Name","link":""}},"1620285478ab6da24d-2":{"type":"Image","settings":{"image":"shopify:\/\/shop_images\/brand-3.png","title":"Brand Name","link":""}},"cfb8a73e-0c09-4de3-9d4b-1bd10f596f05":{"type":"Image","settings":{"image":"shopify:\/\/shop_images\/brand-4.png","title":"Brand Name","link":""}},"ddc1e194-4313-4d33-92b7-bf4d0fd8430e":{"type":"Image","settings":{"image":"shopify:\/\/shop_images\/brand-5.png","title":"Brand Name","link":""}},"c31b6532-e74d-403c-9151-904d11ba6229":{"type":"Image","settings":{"image":"shopify:\/\/shop_images\/brand-6.png","title":"Brand Name","link":""}}},"block_order":["1620285478ab6da24d-0","1620285478ab6da24d-1","1620285478ab6da24d-2","cfb8a73e-0c09-4de3-9d4b-1bd10f596f05","ddc1e194-4313-4d33-92b7-bf4d0fd8430e","c31b6532-e74d-403c-9151-904d11ba6229"],"settings":{"full":false,"spacing_both_ends":false,"padding":"70,70","margin":"0,0","show_background_image":false,"background_style":"default","enable_overlay":true,"background_color":"#fff9f3","overlay_transparency":"1","section_heading":"","section_sub_heading":"","section_description":"","section_button_text":"","section_button_link":"","section_heading_color":"","section_sub_heading_color":"","section_description_color":"","section_button_bg_color":"","section_button_text_color":"","section_button_hover_bg_color":"","section_button_hover_text_color":"","heading_position":"text-center","grid":"6","block_style":"style-1","enable_box_shadow":false,"column_gap":"30","border_radius":"","block_border_color":"#ff8ea6","block_background_color":"","enable_slider":false,"enable_auto_height":true,"items_per_view":2,"slider_autoplay":0,"carousel_pagination_alignment":"center_pagination","dots":false,"arrows":false,"nav_arrow_position":"navigation-bottom-center","center_nav_arrow_alignment":"outside_container","navigation_button_color":"","navigation_button_icon_color":"","navigation_button_hover_color":"","navigation_button_hover_icon_color":"","navigation_dot_color":"","navigation_dot_active_color":"","custom_class_name":""}},"1620291816fc423c3f":{"type":"home-specification-block","blocks":{"4521cfc4-222d-40d2-9b19-54cc481e28e9":{"type":"icon","settings":{"icon":"shopify:\/\/shop_images\/specification-icon-1.png","title":"Activity Rooms","desc":"Lorem ipsum dolor sit amet, consectetur adipiscing elit, sed do eiusmod","link_text":"","link":"","reverse_column":false}},"cdb74dad-a387-4560-9a65-636698a265c8":{"type":"icon","settings":{"icon":"shopify:\/\/shop_images\/specification-icon-2.png","title":"Languages","desc":"Consectetur adipiscing elit, sed do eiusmod tempor incididunt ut labore.","link_text":"","link":"","reverse_column":false}},"a1988aee-f637-4503-be61-1f4c0f234882":{"type":"icon","settings":{"icon":"shopify:\/\/shop_images\/specification-icon-3.png","title":"Special Education","desc":"Dolor sit amet, consectetur adipiscing elit, sed do eiusmod tempor","link_text":"","link":"","reverse_column":false}},"2d8158e1-0659-41ab-be96-abb0c4f6d748":{"type":"icon","settings":{"icon":"shopify:\/\/shop_images\/specification-icon-4.png","title":"Art Classes","desc":"Amet consectetur adipiscing elit, eiusmod tempor incididunt ut labore.","link_text":"View More","link":"","reverse_column":false}}},"block_order":["4521cfc4-222d-40d2-9b19-54cc481e28e9","cdb74dad-a387-4560-9a65-636698a265c8","a1988aee-f637-4503-be61-1f4c0f234882","2d8158e1-0659-41ab-be96-abb0c4f6d748"],"settings":{"full":false,"spacing_both_ends":false,"padding":"125,125","background_image":"shopify:\/\/shop_images\/specification-bg-img.png","margin":"0,0","show_background_image":true,"background_style":"default","enable_overlay":true,"background_color":"","overlay_transparency":"0","section_heading":"Titoo's Fun Center","section_sub_heading":"Welcome to","section_description":"","section_button_text":"","section_button_link":"","section_heading_color":"#ff8ea6","section_sub_heading_color":"","section_description_color":"","section_button_bg_color":"","section_button_text_color":"","section_button_hover_bg_color":"","section_button_hover_text_color":"","heading_position":"text-center","column_gap":"30px","vertical_position":"position-vertical-center","content_width":"50\/50","content_width_lap":"50\/50","content_width_tab":"35\/65","primary_image":"shopify:\/\/shop_images\/child-img.png","primary_title":"","primary_sub_title":"","primary_description":"","primary_button_text":"","primary_button_link":"","main_banner_style":"grid","primary_text_align":"text-end","primary_position":"center","overlay_style_height":"","border_radius":"","enable_box_shadow":true,"overlay_style":"use_overlay","overlay_color":"","overlay_opacity":"0","rotation_degree":"180","primary_banner_bg":"","primary_heading_color":"","primary_sub_heading_color":"","primary_description_color":"","primary_button_bg_color":"","primary_button_text_color":"","primary_button_hover_bg_color":"","primary_button_hover_text_color":"","specification_block_style":"style2","block_icon_size":"77px","icon_border_radius":"","specification_style":"style3","block_icon_outer_size":"78px","additional_heading":"","additional_sub_heading":"","additional_description":"","additional_heading_position":"text-start","block_icon_bg":"","block_icon_color":"","block_heading_color":"#ff8ea6","block_description_color":"","block_button_bg_color":"","block_button_text_color":"","block_button_hover_bg_color":"","block_button_hover_text_color":"","additional_heading_color":"","additional_sub_heading_color":"","additional_description_color":"","custom_class_name":""}},"about-specification-block":{"type":"about-specification-block","blocks":{"bf44b51c-74f4-45f7-baa9-141afadb647f":{"type":"icon","settings":{"icon":"shopify:\/\/shop_images\/specification-icon-1.png","title":"Activity Rooms","desc":"Lorem ipsum dolor sit amet, consectetur adipiscing elit, sed do eiusmod","link_text":"View More","reverse_column":false}},"6851181c-1fd4-44d1-b7d3-ae4a3b4b5517":{"type":"icon","settings":{"icon":"shopify:\/\/shop_images\/specification-icon-2.png","title":"Languages","desc":"Consectetur adipiscing elit, sed do eiusmod tempor incididunt ut labore.","link_text":"","reverse_column":false}},"4f799177-b3c5-4863-8deb-172558538d8c":{"type":"icon","settings":{"icon":"shopify:\/\/shop_images\/specification-icon-3.png","title":"Special Education","desc":"Dolor sit amet, consectetur adipiscing elit, sed do eiusmod tempor","link_text":"","reverse_column":false}},"0f2c2b26-7ffe-4b3d-a7d3-c619750b4d5d":{"type":"icon","settings":{"icon":"shopify:\/\/shop_images\/specification-icon-4.png","title":"Art Classes","desc":"Amet consectetur adipiscing elit, eiusmod tempor incididunt ut labore.","link_text":"","reverse_column":false}}},"block_order":["bf44b51c-74f4-45f7-baa9-141afadb647f","6851181c-1fd4-44d1-b7d3-ae4a3b4b5517","4f799177-b3c5-4863-8deb-172558538d8c","0f2c2b26-7ffe-4b3d-a7d3-c619750b4d5d"],"settings":{"full":false,"spacing_both_ends":false,"padding":"0,125","background_image":"shopify:\/\/shop_images\/specification-bg-img.png","margin":"0,0","show_background_image":true,"background_style":"default","enable_overlay":true,"background_color":"","overlay_transparency":"0","section_heading":"Titoo's Fun Center","section_sub_heading":"Soft Toys","section_description":"","section_button_text":"","section_heading_color":"#ff8ea6","section_sub_heading_color":"","section_description_color":"","section_button_bg_color":"","section_button_text_color":"","section_button_hover_bg_color":"","section_button_hover_text_color":"","heading_position":"text-center","column_gap":"30px","vertical_position":"position-vertical-center","content_width":"50\/50","content_width_lap":"50\/50","content_width_tab":"35\/65","primary_image":"shopify:\/\/shop_images\/child-img.png","primary_title":"","primary_sub_title":"","primary_description":"","primary_button_text":"","main_banner_style":"grid","primary_text_align":"text-end","primary_position":"center","overlay_style_height":"","border_radius":"","enable_box_shadow":true,"overlay_style":"use_overlay","overlay_color":"","overlay_opacity":"0","rotation_degree":"180","primary_banner_bg":"","primary_heading_color":"","primary_sub_heading_color":"","primary_description_color":"","primary_button_bg_color":"","primary_button_text_color":"","primary_button_hover_bg_color":"","primary_button_hover_text_color":"","specification_block_style":"style2","block_icon_size":"77px","icon_border_radius":"","specification_style":"style3","block_icon_outer_size":"78px","additional_heading":"","additional_sub_heading":"","additional_description":"","additional_heading_position":"text-start","block_icon_bg":"","block_icon_color":"","block_heading_color":"#ff8ea6","block_description_color":"","block_button_bg_color":"","block_button_text_color":"","block_button_hover_bg_color":"","block_button_hover_text_color":"","additional_heading_color":"","additional_sub_heading_color":"","additional_description_color":"","custom_class_name":""}},"about-support-block-section":{"type":"about-support-block-section","blocks":{"c2fcceda-5290-4e1c-ac55-b53974d10918":{"type":"icon","settings":{"icon":"shopify:\/\/shop_images\/support-block-img-3.png","title":"Exclusive Collections","desc":"Lorem ipsum dolor sit amet, consectetur adipiscing elit sed.","link_text":""}},"694c5808-4c7c-4610-87c2-ee310d3bbf2d":{"type":"icon","settings":{"icon":"shopify:\/\/shop_images\/support-block-img-2.png","title":"Happiness Guaranteed","desc":"Jorem ipsum dolor sit amet, consectetur adipiscing elit.","link_text":""}},"b8bc4f57-235c-4839-a27b-432966108d3b":{"type":"icon","settings":{"icon":"shopify:\/\/shop_images\/support-block-img-1.png","title":"Trending Toys","desc":"Gorem ipsum dolor sit amet, consectetur adipiscing elit, sed.","link_text":"View More"}}},"block_order":["c2fcceda-5290-4e1c-ac55-b53974d10918","694c5808-4c7c-4610-87c2-ee310d3bbf2d","b8bc4f57-235c-4839-a27b-432966108d3b"],"settings":{"full":false,"spacing_both_ends":false,"padding":"0,80","margin":"0,0","show_background_image":false,"background_style":"default","enable_overlay":false,"background_color":"","overlay_transparency":"0.5","section_heading":"","section_sub_heading":"","section_description":"","section_button_text":"","section_heading_color":"","section_sub_heading_color":"","section_description_color":"","section_button_bg_color":"","section_button_text_color":"","section_button_hover_bg_color":"","section_button_hover_text_color":"","heading_position":"text-center","text_position":"text-center","block_style":"default-style","grid":"3","enable_grid_style":true,"vertical_position":"position-vertical-center","reverse_column":false,"border_radius":"","icon_border_radius":"","enable_box_shadow":false,"block_icon_outer_size":"","block_icon_size":"130px","block_border_color":"","block_bg":"","block_icon_bg":"","block_icon_border_color":"","block_heading_color":"","block_description_color":"","block_button_bg_color":"","block_button_text_color":"","block_button_hover_bg_color":"","block_button_hover_text_color":"","custom_class_name":"","side_image":"shopify:\/\/shop_images\/support-add-img.png"}},"article-template":{"type":"article-template","settings":{"show_blog_author":true,"show_blog_date":true,"show_blog_tag":true,"social_sharing_blog":true,"blog_meta_color":"#1a1a1a","blog_meta_icon_color":"#ff8ea6"}}},"content_for_index":["1619500562730c53fc","16196067915ae00184","16196069372073876e","1620291816fc423c3f","16195244725f8c55a0","16195181239c93d744","16195197305a3d2616","16195192927dce0e7c","1620285478ab6da24d"]}}